{"cameraMode":{"drawMode":0,"name":"Shaded","section":"Shading Mode"},"sceneLighting":true,"audioPlay":false,"sceneViewState":{"m_AlwaysRefresh":false,"showFog":true,"showSkybox":true,"showFlares":true,"showImageEffects":true,"showParticleSystems":true,"showVisualEffectGraphs":true,"m_FxEnabled":true},"in2DMode":false,"pivot":{"x":793.1475830078125,"y":420.5054931640625,"z":13.951556205749512},"rotation":{"x":-0.0017186825862154365,"y":0.997805118560791,"z":-0.028754297643899919,"w":-0.05963942036032677},"size":0.6879351139068604,"orthographic":false}